Location,Zipcode
Port Richmond,10304
Port Richmond,10301
Port Richmond,10314
Port Richmond,10310
Port Richmond,10302
Port Richmond,10303
Oakwood Beach,10305
Oakwood Beach,10306
Oakwood Beach,10318
Oakwood Beach,10312
Oakwood Beach,10309
Oakwood Beach,10307
Oakwood Beach,10308
Wards Island,10075
Wards Island,10021
Wards Island,10028
Wards Island,10065
Wards Island,10128
Wards Island,10029
Wards Island,10035
Wards Island,10037
Wards Island,10030
Wards Island,10039
Wards Island,10032
Wards Island,10033
Wards Island,10040
Wards Island,10454
Wards Island,10451
Wards Island,10452
Wards Island,10453
Wards Island,10468
Wards Island,10463
Wards Island,10471
Wards Island,10458
Wards Island,10457
Wards Island,10456
Wards Island,10455
Wards Island,11370
Bowery Bay,11415
Bowery Bay,11378
Bowery Bay,11372
Bowery Bay,11103
Bowery Bay,11104
Bowery Bay,11102
Bowery Bay,11105
Bowery Bay,11106
Bowery Bay,11371
Bowery Bay,11369
Bowery Bay,11370
Bowery Bay,11101
Bowery Bay,11109
Bowery Bay,11377
Bowery Bay,11373
Bowery Bay,11374
Bowery Bay,11375
Bowery Bay,11368
Bowery Bay,10044
Bowery Bay,10370
North River,10034
North River,10069
North River,10031
North River,10027
North River,10026
North River,10025
North River,10024
North River,10023
North River,10019
North River,10036
North River,10018
North River,10001
North River,10011
North River,10014
Newtown Creek,11379
Newtown Creek,11222
Newtown Creek,11221
Newtown Creek,11206
Newtown Creek,10280
Newtown Creek,10282
Newtown Creek,10012
Newtown Creek,10013
Newtown Creek,10007
Newtown Creek,10006
Newtown Creek,10004
Newtown Creek,10038
Newtown Creek,10002
Newtown Creek,10009
Newtown Creek,10010
Newtown Creek,10016
Newtown Creek,10017
Newtown Creek,10022
Newtown Creek,10005
Newtown Creek,10003
Newtown Creek,10211
Newtown Creek,11211
Newtown Creek,11266
Newtown Creek,11237
Newtown Creek,11385
Newtown Creek,11233
Newtown Creek,11225
Newtown Creek,11205
Newtown Creek,11238
Newtown Creek,11216
Newtown Creek,11213
Hunts Point,10461
Hunts Point,10473
Hunts Point,10470
Hunts Point,10466
Hunts Point,10464
Hunts Point,10465
Hunts Point,10461
Hunts Point,10475
Hunts Point,10469
Hunts Point,10462
Hunts Point,10463
Hunts Point,10472
Hunts Point,10474
Hunts Point,10459
Hunts Point,10460
Hunts Point,10467
Hunts Point,11370
Coney Island,11236
Coney Island,11224
Coney Island,11235
Coney Island,11230
Coney Island,11226
Coney Island,11210
Coney Island,11229
Coney Island,11234
26th Ward,11239
26th Ward,11208
26th Ward,11207
26th Ward,11212
26th Ward,11203
Red Hook,11251
Red Hook,11201
Red Hook,11231
Red Hook,11215
Red Hook,11217
Owls Head,11232
Owls Head,11220
Owls Head,11209
Owls Head,11214
Owls Head,11223
Owls Head,11204
Owls Head,11218
Owls Head,11219
Owls Head,11228
Tallman Island,11365
Tallman Island,11364
Tallman Island,11356
Tallman Island,11357
Tallman Island,11359
Tallman Island,11360
Tallman Island,11361
Tallman Island,11363
Tallman Island,11362
Tallman Island,11004
Tallman Island,11005
Tallman Island,11427
Tallman Island,11366
Tallman Island,11367
Tallman Island,11355
Tallman Island,11354
Tallman Island,11358
Jamaica Bay,11435
Jamaica Bay,11428
Jamaica Bay,11421
Jamaica Bay,11418
Jamaica Bay,11417
Jamaica Bay,11416
Jamaica Bay,11414
Jamaica Bay,11430
Jamaica Bay,11422
Jamaica Bay,11413
Jamaica Bay,11434
Jamaica Bay,11436
Jamaica Bay,11420
Jamaica Bay,11419
Jamaica Bay,11437
Jamaica Bay,11432
Jamaica Bay,11423
Jamaica Bay,11426
Jamaica Bay,11429
Jamaica Bay,11411
Jamaica Bay,11412
Jamaica Bay,11433
Rockaway,11697
Rockaway,11694
Rockaway,11593
Rockaway,11692
Rockaway,11691
Rockaway,11693
